sample_ind,sample
2,SpacePoint(objects=StructPoint(object0=StructPoint(angularSpeed=0.0, controller=None, elevation=None, heading=-0.03697961250128892, lastActions=None, length=1.0, position=(-62.93491990167944, -105.88201551809738), positionOffset=(0.0, 0.0), resetController=True, rotationOffset=0.0, speed=0.0, type='Follower', velocity=(0.0, 0.0), webotsName='FOLLOWER', webotsObject=None, webotsType=None, width=1.0), object1=StructPoint(angularSpeed=0.0, color=[0.0, 0.0, 1.0], controller=None, elevation=None, heading=0.0, lastActions=None, length=1.0, position=(11.863636363636363, -51.62244897959184), positionOffset=(0.0, 0.0), resetController=True, rotationOffset=0.0, speed=0.0, type='ObstacleL', velocity=(0.0, 0.0), webotsName='OBSTACLE', webotsObject=None, webotsType=None, width=1.0), object2=StructPoint(angularSpeed=0.0, color=[0.0, 1.0, 0.0], controller=None, elevation=None, heading=0.0, lastActions=None, length=1.0, position=(36.295918367346935, -17.46969696969697), positionOffset=(0.0, 0.0), resetController=True, rotationOffset=0.0, speed=0.0, type='ObstacleS', velocity=(0.0, 0.0), webotsName='OBSTACLE', webotsObject=None, webotsType=None, width=1.0), object3=StructPoint(angularSpeed=0.0, color=[0.0, 0.0, 0.5], controller=None, elevation=None, heading=0.0, lastActions=None, length=1.0, position=(60.535353535353536, -37.09183673469388), positionOffset=(0.0, 0.0), resetController=True, rotationOffset=0.0, speed=0.0, type='ObstacleR', velocity=(0.0, 0.0), webotsName='OBSTACLE', webotsObject=None, webotsType=None, width=1.0), object4=StructPoint(angularSpeed=0.0, controller=None, elevation=None, heading=0.0, ind='L', lastActions=None, length=1.0, mode='falsify', position=(0, 0), positionOffset=(0.0, 0.0), resetController=True, rotationOffset=0.0, speed=0.0, type='Scenario', velocity=(0.0, 0.0), webotsName='SCENARIO', webotsObject=None, webotsType=None, width=1.0), object5=StructPoint(angularSpeed=0.0, controller=None, elevation=None, heading=-0.047278322018854096, lastActions=None, length=1.0, position=(-52.78889643312345, -104.29116382869645), positionOffset=(0.0, 0.0), resetController=True, rotationOffset=0.0, speed=0.0, type='Lead', velocity=(0.0, 0.0), webotsName='LEAD', webotsObject=None, webotsType=None, width=1.0)), params=StructPoint())
3,SpacePoint(objects=StructPoint(object0=StructPoint(angularSpeed=0.0, controller=None, elevation=None, heading=0.054721338301420605, lastActions=None, length=1.0, position=(-64.45137704931525, -105.22668208660501), positionOffset=(0.0, 0.0), resetController=True, rotationOffset=0.0, speed=0.0, type='Follower', velocity=(0.0, 0.0), webotsName='FOLLOWER', webotsObject=None, webotsType=None, width=1.0), object1=StructPoint(angularSpeed=0.0, color=[0.0, 0.5, 0.0], controller=None, elevation=None, heading=0.0, lastActions=None, length=1.0, position=(11.106060606060606, -38.07142857142857), positionOffset=(0.0, 0.0), resetController=True, rotationOffset=0.0, speed=0.0, type='ObstacleL', velocity=(0.0, 0.0), webotsName='OBSTACLE', webotsObject=None, webotsType=None, width=1.0), object2=StructPoint(angularSpeed=0.0, color=[0.0, 1.0, 0.0], controller=None, elevation=None, heading=0.0, lastActions=None, length=1.0, position=(53.33673469387755, -19.893939393939394), positionOffset=(0.0, 0.0), resetController=True, rotationOffset=0.0, speed=0.0, type='ObstacleS', velocity=(0.0, 0.0), webotsName='OBSTACLE', webotsObject=None, webotsType=None, width=1.0), object3=StructPoint(angularSpeed=0.0, color=[0.0, 0.0, 1.0], controller=None, elevation=None, heading=0.0, lastActions=None, length=1.0, position=(60.83838383838384, -38.07142857142857), positionOffset=(0.0, 0.0), resetController=True, rotationOffset=0.0, speed=0.0, type='ObstacleR', velocity=(0.0, 0.0), webotsName='OBSTACLE', webotsObject=None, webotsType=None, width=1.0), object4=StructPoint(angularSpeed=0.0, controller=None, elevation=None, heading=0.0, ind='S', lastActions=None, length=1.0, mode='falsify', position=(0, 0), positionOffset=(0.0, 0.0), resetController=True, rotationOffset=0.0, speed=0.0, type='Scenario', velocity=(0.0, 0.0), webotsName='SCENARIO', webotsObject=None, webotsType=None, width=1.0), object5=StructPoint(angularSpeed=0.0, controller=None, elevation=None, heading=-0.007864835406989984, lastActions=None, length=1.0, position=(-54.63004235937653, -104.12821693065257), positionOffset=(0.0, 0.0), resetController=True, rotationOffset=0.0, speed=0.0, type='Lead', velocity=(0.0, 0.0), webotsName='LEAD', webotsObject=None, webotsType=None, width=1.0)), params=StructPoint())
4,SpacePoint(objects=StructPoint(object0=StructPoint(angularSpeed=0.0, controller=None, elevation=None, heading=0.04956879692358354, lastActions=None, length=1.0, position=(-65.21046644740376, -105.59805155851897), positionOffset=(0.0, 0.0), resetController=True, rotationOffset=0.0, speed=0.0, type='Follower', velocity=(0.0, 0.0), webotsName='FOLLOWER', webotsObject=None, webotsType=None, width=1.0), object1=StructPoint(angularSpeed=0.0, color=[0.5, 0.0, 0.0], controller=None, elevation=None, heading=0.0, lastActions=None, length=1.0, position=(17.31818181818182, -53.214285714285715), positionOffset=(0.0, 0.0), resetController=True, rotationOffset=0.0, speed=0.0, type='ObstacleL', velocity=(0.0, 0.0), webotsName='OBSTACLE', webotsObject=None, webotsType=None, width=1.0), object2=StructPoint(angularSpeed=0.0, color=[0.0, 0.0, 0.5], controller=None, elevation=None, heading=0.0, lastActions=None, length=1.0, position=(36.234693877551024, -20.5), positionOffset=(0.0, 0.0), resetController=True, rotationOffset=0.0, speed=0.0, type='ObstacleS', velocity=(0.0, 0.0), webotsName='OBSTACLE', webotsObject=None, webotsType=None, width=1.0), object3=StructPoint(angularSpeed=0.0, color=[1.0, 0.0, 0.0], controller=None, elevation=None, heading=0.0, lastActions=None, length=1.0, position=(66.4949494949495, -54.316326530612244), positionOffset=(0.0, 0.0), resetController=True, rotationOffset=0.0, speed=0.0, type='ObstacleR', velocity=(0.0, 0.0), webotsName='OBSTACLE', webotsObject=None, webotsType=None, width=1.0), object4=StructPoint(angularSpeed=0.0, controller=None, elevation=None, heading=0.0, ind='L', lastActions=None, length=1.0, mode='falsify', position=(0, 0), positionOffset=(0.0, 0.0), resetController=True, rotationOffset=0.0, speed=0.0, type='Scenario', velocity=(0.0, 0.0), webotsName='SCENARIO', webotsObject=None, webotsType=None, width=1.0), object5=StructPoint(angularSpeed=0.0, controller=None, elevation=None, heading=0.016732684676671532, lastActions=None, length=1.0, position=(-56.474478491903284, -105.21782256851758), positionOffset=(0.0, 0.0), resetController=True, rotationOffset=0.0, speed=0.0, type='Lead', velocity=(0.0, 0.0), webotsName='LEAD', webotsObject=None, webotsType=None, width=1.0)), params=StructPoint())
5,SpacePoint(objects=StructPoint(object0=StructPoint(angularSpeed=0.0, controller=None, elevation=None, heading=0.04810181019209868, lastActions=None, length=1.0, position=(-65.56790363660394, -104.51029047562734), positionOffset=(0.0, 0.0), resetController=True, rotationOffset=0.0, speed=0.0, type='Follower', velocity=(0.0, 0.0), webotsName='FOLLOWER', webotsObject=None, webotsType=None, width=1.0), object1=StructPoint(angularSpeed=0.0, color=[0.0, 0.0, 1.0], controller=None, elevation=None, heading=0.0, lastActions=None, length=1.0, position=(19.742424242424242, -54.13265306122449), positionOffset=(0.0, 0.0), resetController=True, rotationOffset=0.0, speed=0.0, type='ObstacleL', velocity=(0.0, 0.0), webotsName='OBSTACLE', webotsObject=None, webotsType=None, width=1.0), object2=StructPoint(angularSpeed=0.0, color=[0.0, 0.0, 0.5], controller=None, elevation=None, heading=0.0, lastActions=None, length=1.0, position=(52.05102040816327, -12.318181818181818), positionOffset=(0.0, 0.0), resetController=True, rotationOffset=0.0, speed=0.0, type='ObstacleS', velocity=(0.0, 0.0), webotsName='OBSTACLE', webotsObject=None, webotsType=None, width=1.0), object3=StructPoint(angularSpeed=0.0, color=[1.0, 0.0, 0.0], controller=None, elevation=None, heading=0.0, lastActions=None, length=1.0, position=(62.75757575757576, -38.255102040816325), positionOffset=(0.0, 0.0), resetController=True, rotationOffset=0.0, speed=0.0, type='ObstacleR', velocity=(0.0, 0.0), webotsName='OBSTACLE', webotsObject=None, webotsType=None, width=1.0), object4=StructPoint(angularSpeed=0.0, controller=None, elevation=None, heading=0.0, ind='L', lastActions=None, length=1.0, mode='falsify', position=(0, 0), positionOffset=(0.0, 0.0), resetController=True, rotationOffset=0.0, speed=0.0, type='Scenario', velocity=(0.0, 0.0), webotsName='SCENARIO', webotsObject=None, webotsType=None, width=1.0), object5=StructPoint(angularSpeed=0.0, controller=None, elevation=None, heading=0.03615817265104566, lastActions=None, length=1.0, position=(-54.30994734528349, -104.34622761522029), positionOffset=(0.0, 0.0), resetController=True, rotationOffset=0.0, speed=0.0, type='Lead', velocity=(0.0, 0.0), webotsName='LEAD', webotsObject=None, webotsType=None, width=1.0)), params=StructPoint())
6,SpacePoint(objects=StructPoint(object0=StructPoint(angularSpeed=0.0, controller=None, elevation=None, heading=-0.06071245791091631, lastActions=None, length=1.0, position=(-63.54990167990062, -104.19388327218843), positionOffset=(0.0, 0.0), resetController=True, rotationOffset=0.0, speed=0.0, type='Follower', velocity=(0.0, 0.0), webotsName='FOLLOWER', webotsObject=None, webotsType=None, width=1.0), object1=StructPoint(angularSpeed=0.0, color=[1.0, 1.0, 1.0], controller=None, elevation=None, heading=0.0, lastActions=None, length=1.0, position=(12.015151515151516, -36.11224489795919), positionOffset=(0.0, 0.0), resetController=True, rotationOffset=0.0, speed=0.0, type='ObstacleL', velocity=(0.0, 0.0), webotsName='OBSTACLE', webotsObject=None, webotsType=None, width=1.0), object2=StructPoint(angularSpeed=0.0, color=[0.0, 1.0, 0.0], controller=None, elevation=None, heading=0.0, lastActions=None, length=1.0, position=(51.98979591836735, -16.71212121212121), positionOffset=(0.0, 0.0), resetController=True, rotationOffset=0.0, speed=0.0, type='ObstacleS', velocity=(0.0, 0.0), webotsName='OBSTACLE', webotsObject=None, webotsType=None, width=1.0), object3=StructPoint(angularSpeed=0.0, color=[0.5, 0.5, 0.5], controller=None, elevation=None, heading=0.0, lastActions=None, length=1.0, position=(63.06060606060606, -53.704081632653065), positionOffset=(0.0, 0.0), resetController=True, rotationOffset=0.0, speed=0.0, type='ObstacleR', velocity=(0.0, 0.0), webotsName='OBSTACLE', webotsObject=None, webotsType=None, width=1.0), object4=StructPoint(angularSpeed=0.0, controller=None, elevation=None, heading=0.0, ind='S', lastActions=None, length=1.0, mode='falsify', position=(0, 0), positionOffset=(0.0, 0.0), resetController=True, rotationOffset=0.0, speed=0.0, type='Scenario', velocity=(0.0, 0.0), webotsName='SCENARIO', webotsObject=None, webotsType=None, width=1.0), object5=StructPoint(angularSpeed=0.0, controller=None, elevation=None, heading=-0.0793190172523874, lastActions=None, length=1.0, position=(-54.28771419149901, -104.30720108466897), positionOffset=(0.0, 0.0), resetController=True, rotationOffset=0.0, speed=0.0, type='Lead', velocity=(0.0, 0.0), webotsName='LEAD', webotsObject=None, webotsType=None, width=1.0)), params=StructPoint())
7,SpacePoint(objects=StructPoint(object0=StructPoint(angularSpeed=0.0, controller=None, elevation=None, heading=0.03855163346102071, lastActions=None, length=1.0, position=(-66.44469182006365, -105.3045739594868), positionOffset=(0.0, 0.0), resetController=True, rotationOffset=0.0, speed=0.0, type='Follower', velocity=(0.0, 0.0), webotsName='FOLLOWER', webotsObject=None, webotsType=None, width=1.0), object1=StructPoint(angularSpeed=0.0, color=[1.0, 0.0, 0.0], controller=None, elevation=None, heading=0.0, lastActions=None, length=1.0, position=(11.712121212121213, -54.316326530612244), positionOffset=(0.0, 0.0), resetController=True, rotationOffset=0.0, speed=0.0, type='ObstacleL', velocity=(0.0, 0.0), webotsName='OBSTACLE', webotsObject=None, webotsType=None, width=1.0), object2=StructPoint(angularSpeed=0.0, color=[0.0, 0.5, 0.0], controller=None, elevation=None, heading=0.0, lastActions=None, length=1.0, position=(53.52040816326531, -24.59090909090909), positionOffset=(0.0, 0.0), resetController=True, rotationOffset=0.0, speed=0.0, type='ObstacleS', velocity=(0.0, 0.0), webotsName='OBSTACLE', webotsObject=None, webotsType=None, width=1.0), object3=StructPoint(angularSpeed=0.0, color=[0.5, 0.0, 0.0], controller=None, elevation=None, heading=0.0, lastActions=None, length=1.0, position=(62.35353535353536, -52.54081632653061), positionOffset=(0.0, 0.0), resetController=True, rotationOffset=0.0, speed=0.0, type='ObstacleR', velocity=(0.0, 0.0), webotsName='OBSTACLE', webotsObject=None, webotsType=None, width=1.0), object4=StructPoint(angularSpeed=0.0, controller=None, elevation=None, heading=0.0, ind='R', lastActions=None, length=1.0, mode='falsify', position=(0, 0), positionOffset=(0.0, 0.0), resetController=True, rotationOffset=0.0, speed=0.0, type='Scenario', velocity=(0.0, 0.0), webotsName='SCENARIO', webotsObject=None, webotsType=None, width=1.0), object5=StructPoint(angularSpeed=0.0, controller=None, elevation=None, heading=0.051594357427914454, lastActions=None, length=1.0, position=(-55.60377908151182, -104.54488514005773), positionOffset=(0.0, 0.0), resetController=True, rotationOffset=0.0, speed=0.0, type='Lead', velocity=(0.0, 0.0), webotsName='LEAD', webotsObject=None, webotsType=None, width=1.0)), params=StructPoint())
8,SpacePoint(objects=StructPoint(object0=StructPoint(angularSpeed=0.0, controller=None, elevation=None, heading=-0.00851723719487381, lastActions=None, length=1.0, position=(-65.81653481688754, -104.03652037812999), positionOffset=(0.0, 0.0), resetController=True, rotationOffset=0.0, speed=0.0, type='Follower', velocity=(0.0, 0.0), webotsName='FOLLOWER', webotsObject=None, webotsType=None, width=1.0), object1=StructPoint(angularSpeed=0.0, color=[0.0, 0.5, 0.0], controller=None, elevation=None, heading=0.0, lastActions=None, length=1.0, position=(16.257575757575758, -52.60204081632653), positionOffset=(0.0, 0.0), resetController=True, rotationOffset=0.0, speed=0.0, type='ObstacleL', velocity=(0.0, 0.0), webotsName='OBSTACLE', webotsObject=None, webotsType=None, width=1.0), object2=StructPoint(angularSpeed=0.0, color=[0.0, 0.0, 0.0], controller=None, elevation=None, heading=0.0, lastActions=None, length=1.0, position=(36.54081632653061, -19.742424242424242), positionOffset=(0.0, 0.0), resetController=True, rotationOffset=0.0, speed=0.0, type='ObstacleS', velocity=(0.0, 0.0), webotsName='OBSTACLE', webotsObject=None, webotsType=None, width=1.0), object3=StructPoint(angularSpeed=0.0, color=[1.0, 1.0, 1.0], controller=None, elevation=None, heading=0.0, lastActions=None, length=1.0, position=(57.303030303030305, -37.45918367346939), positionOffset=(0.0, 0.0), resetController=True, rotationOffset=0.0, speed=0.0, type='ObstacleR', velocity=(0.0, 0.0), webotsName='OBSTACLE', webotsObject=None, webotsType=None, width=1.0), object4=StructPoint(angularSpeed=0.0, controller=None, elevation=None, heading=0.0, ind='L', lastActions=None, length=1.0, mode='falsify', position=(0, 0), positionOffset=(0.0, 0.0), resetController=True, rotationOffset=0.0, speed=0.0, type='Scenario', velocity=(0.0, 0.0), webotsName='SCENARIO', webotsObject=None, webotsType=None, width=1.0), object5=StructPoint(angularSpeed=0.0, controller=None, elevation=None, heading=0.06579405503506407, lastActions=None, length=1.0, position=(-55.30652899144076, -104.43063694955657), positionOffset=(0.0, 0.0), resetController=True, rotationOffset=0.0, speed=0.0, type='Lead', velocity=(0.0, 0.0), webotsName='LEAD', webotsObject=None, webotsType=None, width=1.0)), params=StructPoint())
9,SpacePoint(objects=StructPoint(object0=StructPoint(angularSpeed=0.0, controller=None, elevation=None, heading=0.006512665751220593, lastActions=None, length=1.0, position=(-64.60881296562326, -104.92467226091267), positionOffset=(0.0, 0.0), resetController=True, rotationOffset=0.0, speed=0.0, type='Follower', velocity=(0.0, 0.0), webotsName='FOLLOWER', webotsObject=None, webotsType=None, width=1.0), object1=StructPoint(angularSpeed=0.0, color=[0.0, 0.5, 0.0], controller=None, elevation=None, heading=0.0, lastActions=None, length=1.0, position=(17.166666666666668, -52.66326530612245), positionOffset=(0.0, 0.0), resetController=True, rotationOffset=0.0, speed=0.0, type='ObstacleL', velocity=(0.0, 0.0), webotsName='OBSTACLE', webotsObject=None, webotsType=None, width=1.0), object2=StructPoint(angularSpeed=0.0, color=[0.0, 0.0, 0.5], controller=None, elevation=None, heading=0.0, lastActions=None, length=1.0, position=(52.60204081632653, -17.772727272727273), positionOffset=(0.0, 0.0), resetController=True, rotationOffset=0.0, speed=0.0, type='ObstacleS', velocity=(0.0, 0.0), webotsName='OBSTACLE', webotsObject=None, webotsType=None, width=1.0), object3=StructPoint(angularSpeed=0.0, color=[0.0, 0.0, 0.5], controller=None, elevation=None, heading=0.0, lastActions=None, length=1.0, position=(60.333333333333336, -36.60204081632653), positionOffset=(0.0, 0.0), resetController=True, rotationOffset=0.0, speed=0.0, type='ObstacleR', velocity=(0.0, 0.0), webotsName='OBSTACLE', webotsObject=None, webotsType=None, width=1.0), object4=StructPoint(angularSpeed=0.0, controller=None, elevation=None, heading=0.0, ind='S', lastActions=None, length=1.0, mode='falsify', position=(0, 0), positionOffset=(0.0, 0.0), resetController=True, rotationOffset=0.0, speed=0.0, type='Scenario', velocity=(0.0, 0.0), webotsName='SCENARIO', webotsObject=None, webotsType=None, width=1.0), object5=StructPoint(angularSpeed=0.0, controller=None, elevation=None, heading=-0.01179684333446097, lastActions=None, length=1.0, position=(-53.85713232731415, -105.33373558839807), positionOffset=(0.0, 0.0), resetController=True, rotationOffset=0.0, speed=0.0, type='Lead', velocity=(0.0, 0.0), webotsName='LEAD', webotsObject=None, webotsType=None, width=1.0)), params=StructPoint())
10,SpacePoint(objects=StructPoint(object0=StructPoint(angularSpeed=0.0, controller=None, elevation=None, heading=0.05169326189344793, lastActions=None, length=1.0, position=(-66.12457849589492, -104.9888220583169), positionOffset=(0.0, 0.0), resetController=True, rotationOffset=0.0, speed=0.0, type='Follower', velocity=(0.0, 0.0), webotsName='FOLLOWER', webotsObject=None, webotsType=None, width=1.0), object1=StructPoint(angularSpeed=0.0, color=[0.0, 0.0, 0.5], controller=None, elevation=None, heading=0.0, lastActions=None, length=1.0, position=(19.136363636363637, -51.5), positionOffset=(0.0, 0.0), resetController=True, rotationOffset=0.0, speed=0.0, type='ObstacleL', velocity=(0.0, 0.0), webotsName='OBSTACLE', webotsObject=None, webotsType=None, width=1.0), object2=StructPoint(angularSpeed=0.0, color=[1.0, 1.0, 1.0], controller=None, elevation=None, heading=0.0, lastActions=None, length=1.0, position=(37.33673469387755, -23.68181818181818), positionOffset=(0.0, 0.0), resetController=True, rotationOffset=0.0, speed=0.0, type='ObstacleS', velocity=(0.0, 0.0), webotsName='OBSTACLE', webotsObject=None, webotsType=None, width=1.0), object3=StructPoint(angularSpeed=0.0, color=[0.0, 0.0, 1.0], controller=None, elevation=None, heading=0.0, lastActions=None, length=1.0, position=(66.8989898989899, -35.62244897959184), positionOffset=(0.0, 0.0), resetController=True, rotationOffset=0.0, speed=0.0, type='ObstacleR', velocity=(0.0, 0.0), webotsName='OBSTACLE', webotsObject=None, webotsType=None, width=1.0), object4=StructPoint(angularSpeed=0.0, controller=None, elevation=None, heading=0.0, ind='R', lastActions=None, length=1.0, mode='falsify', position=(0, 0), positionOffset=(0.0, 0.0), resetController=True, rotationOffset=0.0, speed=0.0, type='Scenario', velocity=(0.0, 0.0), webotsName='SCENARIO', webotsObject=None, webotsType=None, width=1.0), object5=StructPoint(angularSpeed=0.0, controller=None, elevation=None, heading=-0.07904630464363725, lastActions=None, length=1.0, position=(-55.61958745778125, -105.90798185483555), positionOffset=(0.0, 0.0), resetController=True, rotationOffset=0.0, speed=0.0, type='Lead', velocity=(0.0, 0.0), webotsName='LEAD', webotsObject=None, webotsType=None, width=1.0)), params=StructPoint())
11,SpacePoint(objects=StructPoint(object0=StructPoint(angularSpeed=0.0, controller=None, elevation=None, heading=0.005615029975305535, lastActions=None, length=1.0, position=(-63.652727859894924, -105.99912145928072), positionOffset=(0.0, 0.0), resetController=True, rotationOffset=0.0, speed=0.0, type='Follower', velocity=(0.0, 0.0), webotsName='FOLLOWER', webotsObject=None, webotsType=None, width=1.0), object1=StructPoint(angularSpeed=0.0, color=[0.5, 0.0, 0.0], controller=None, elevation=None, heading=0.0, lastActions=None, length=1.0, position=(11.257575757575758, -36.173469387755105), positionOffset=(0.0, 0.0), resetController=True, rotationOffset=0.0, speed=0.0, type='ObstacleL', velocity=(0.0, 0.0), webotsName='OBSTACLE', webotsObject=None, webotsType=None, width=1.0), object2=StructPoint(angularSpeed=0.0, color=[0.0, 0.0, 1.0], controller=None, elevation=None, heading=0.0, lastActions=None, length=1.0, position=(53.39795918367347, -10.803030303030303), positionOffset=(0.0, 0.0), resetController=True, rotationOffset=0.0, speed=0.0, type='ObstacleS', velocity=(0.0, 0.0), webotsName='OBSTACLE', webotsObject=None, webotsType=None, width=1.0), object3=StructPoint(angularSpeed=0.0, color=[0.0, 0.0, 0.5], controller=None, elevation=None, heading=0.0, lastActions=None, length=1.0, position=(60.535353535353536, -53.642857142857146), positionOffset=(0.0, 0.0), resetController=True, rotationOffset=0.0, speed=0.0, type='ObstacleR', velocity=(0.0, 0.0), webotsName='OBSTACLE', webotsObject=None, webotsType=None, width=1.0), object4=StructPoint(angularSpeed=0.0, controller=None, elevation=None, heading=0.0, ind='S', lastActions=None, length=1.0, mode='falsify', position=(0, 0), positionOffset=(0.0, 0.0), resetController=True, rotationOffset=0.0, speed=0.0, type='Scenario', velocity=(0.0, 0.0), webotsName='SCENARIO', webotsObject=None, webotsType=None, width=1.0), object5=StructPoint(angularSpeed=0.0, controller=None, elevation=None, heading=0.06911450380570902, lastActions=None, length=1.0, position=(-54.47298014342433, -104.79309729871842), positionOffset=(0.0, 0.0), resetController=True, rotationOffset=0.0, speed=0.0, type='Lead', velocity=(0.0, 0.0), webotsName='LEAD', webotsObject=None, webotsType=None, width=1.0)), params=StructPoint())
12,SpacePoint(objects=StructPoint(object0=StructPoint(angularSpeed=0.0, controller=None, elevation=None, heading=-0.0003688513188288941, lastActions=None, length=1.0, position=(-62.56229053160308, -105.98447517227748), positionOffset=(0.0, 0.0), resetController=True, rotationOffset=0.0, speed=0.0, type='Follower', velocity=(0.0, 0.0), webotsName='FOLLOWER', webotsObject=None, webotsType=None, width=1.0), object1=StructPoint(angularSpeed=0.0, color=[1.0, 1.0, 1.0], controller=None, elevation=None, heading=0.0, lastActions=None, length=1.0, position=(20.5, -52.234693877551024), positionOffset=(0.0, 0.0), resetController=True, rotationOffset=0.0, speed=0.0, type='ObstacleL', velocity=(0.0, 0.0), webotsName='OBSTACLE', webotsObject=None, webotsType=None, width=1.0), object2=StructPoint(angularSpeed=0.0, color=[0.5, 0.5, 0.5], controller=None, elevation=None, heading=0.0, lastActions=None, length=1.0, position=(51.80612244897959, -23.075757575757574), positionOffset=(0.0, 0.0), resetController=True, rotationOffset=0.0, speed=0.0, type='ObstacleS', velocity=(0.0, 0.0), webotsName='OBSTACLE', webotsObject=None, webotsType=None, width=1.0), object3=StructPoint(angularSpeed=0.0, color=[0.5, 0.0, 0.0], controller=None, elevation=None, heading=0.0, lastActions=None, length=1.0, position=(59.121212121212125, -37.33673469387755), positionOffset=(0.0, 0.0), resetController=True, rotationOffset=0.0, speed=0.0, type='ObstacleR', velocity=(0.0, 0.0), webotsName='OBSTACLE', webotsObject=None, webotsType=None, width=1.0), object4=StructPoint(angularSpeed=0.0, controller=None, elevation=None, heading=0.0, ind='L', lastActions=None, length=1.0, mode='falsify', position=(0, 0), positionOffset=(0.0, 0.0), resetController=True, rotationOffset=0.0, speed=0.0, type='Scenario', velocity=(0.0, 0.0), webotsName='SCENARIO', webotsObject=None, webotsType=None, width=1.0), object5=StructPoint(angularSpeed=0.0, controller=None, elevation=None, heading=0.04498114859859724, lastActions=None, length=1.0, position=(-54.80084795794741, -105.77757424952452), positionOffset=(0.0, 0.0), resetController=True, rotationOffset=0.0, speed=0.0, type='Lead', velocity=(0.0, 0.0), webotsName='LEAD', webotsObject=None, webotsType=None, width=1.0)), params=StructPoint())
13,SpacePoint(objects=StructPoint(object0=StructPoint(angularSpeed=0.0, controller=None, elevation=None, heading=-0.041508885933183574, lastActions=None, length=1.0, position=(-63.012738414593585, -105.28598805745185), positionOffset=(0.0, 0.0), resetController=True, rotationOffset=0.0, speed=0.0, type='Follower', velocity=(0.0, 0.0), webotsName='FOLLOWER', webotsObject=None, webotsType=None, width=1.0), object1=StructPoint(angularSpeed=0.0, color=[0.0, 1.0, 0.0], controller=None, elevation=None, heading=0.0, lastActions=None, length=1.0, position=(19.439393939393938, -52.05102040816327), positionOffset=(0.0, 0.0), resetController=True, rotationOffset=0.0, speed=0.0, type='ObstacleL', velocity=(0.0, 0.0), webotsName='OBSTACLE', webotsObject=None, webotsType=None, width=1.0), object2=StructPoint(angularSpeed=0.0, color=[0.0, 0.0, 0.5], controller=None, elevation=None, heading=0.0, lastActions=None, length=1.0, position=(52.41836734693877, -22.166666666666668), positionOffset=(0.0, 0.0), resetController=True, rotationOffset=0.0, speed=0.0, type='ObstacleS', velocity=(0.0, 0.0), webotsName='OBSTACLE', webotsObject=None, webotsType=None, width=1.0), object3=StructPoint(angularSpeed=0.0, color=[1.0, 0.0, 0.0], controller=None, elevation=None, heading=0.0, lastActions=None, length=1.0, position=(60.03030303030303, -35.92857142857143), positionOffset=(0.0, 0.0), resetController=True, rotationOffset=0.0, speed=0.0, type='ObstacleR', velocity=(0.0, 0.0), webotsName='OBSTACLE', webotsObject=None, webotsType=None, width=1.0), object4=StructPoint(angularSpeed=0.0, controller=None, elevation=None, heading=0.0, ind='L', lastActions=None, length=1.0, mode='falsify', position=(0, 0), positionOffset=(0.0, 0.0), resetController=True, rotationOffset=0.0, speed=0.0, type='Scenario', velocity=(0.0, 0.0), webotsName='SCENARIO', webotsObject=None, webotsType=None, width=1.0), object5=StructPoint(angularSpeed=0.0, controller=None, elevation=None, heading=-0.06684233821935096, lastActions=None, length=1.0, position=(-55.61069279265014, -104.20291391808435), positionOffset=(0.0, 0.0), resetController=True, rotationOffset=0.0, speed=0.0, type='Lead', velocity=(0.0, 0.0), webotsName='LEAD', webotsObject=None, webotsType=None, width=1.0)), params=StructPoint())
14,SpacePoint(objects=StructPoint(object0=StructPoint(angularSpeed=0.0, controller=None, elevation=None, heading=-0.06006441289037905, lastActions=None, length=1.0, position=(-63.58610746138648, -104.92167170703922), positionOffset=(0.0, 0.0), resetController=True, rotationOffset=0.0, speed=0.0, type='Follower', velocity=(0.0, 0.0), webotsName='FOLLOWER', webotsObject=None, webotsType=None, width=1.0), object1=StructPoint(angularSpeed=0.0, color=[0.0, 0.0, 1.0], controller=None, elevation=None, heading=0.0, lastActions=None, length=1.0, position=(23.075757575757578, -53.39795918367347), positionOffset=(0.0, 0.0), resetController=True, rotationOffset=0.0, speed=0.0, type='ObstacleL', velocity=(0.0, 0.0), webotsName='OBSTACLE', webotsObject=None, webotsType=None, width=1.0), object2=StructPoint(angularSpeed=0.0, color=[1.0, 0.0, 0.0], controller=None, elevation=None, heading=0.0, lastActions=None, length=1.0, position=(52.234693877551024, -22.772727272727273), positionOffset=(0.0, 0.0), resetController=True, rotationOffset=0.0, speed=0.0, type='ObstacleS', velocity=(0.0, 0.0), webotsName='OBSTACLE', webotsObject=None, webotsType=None, width=1.0), object3=StructPoint(angularSpeed=0.0, color=[1.0, 1.0, 1.0], controller=None, elevation=None, heading=0.0, lastActions=None, length=1.0, position=(63.666666666666664, -36.8469387755102), positionOffset=(0.0, 0.0), resetController=True, rotationOffset=0.0, speed=0.0, type='ObstacleR', velocity=(0.0, 0.0), webotsName='OBSTACLE', webotsObject=None, webotsType=None, width=1.0), object4=StructPoint(angularSpeed=0.0, controller=None, elevation=None, heading=0.0, ind='R', lastActions=None, length=1.0, mode='falsify', position=(0, 0), positionOffset=(0.0, 0.0), resetController=True, rotationOffset=0.0, speed=0.0, type='Scenario', velocity=(0.0, 0.0), webotsName='SCENARIO', webotsObject=None, webotsType=None, width=1.0), object5=StructPoint(angularSpeed=0.0, controller=None, elevation=None, heading=-0.048740077126302406, lastActions=None, length=1.0, position=(-52.65458623542, -105.67167540044903), positionOffset=(0.0, 0.0), resetController=True, rotationOffset=0.0, speed=0.0, type='Lead', velocity=(0.0, 0.0), webotsName='LEAD', webotsObject=None, webotsType=None, width=1.0)), params=StructPoint())
15,SpacePoint(objects=StructPoint(object0=StructPoint(angularSpeed=0.0, controller=None, elevation=None, heading=0.043307767039795345, lastActions=None, length=1.0, position=(-64.24898960973658, -104.71258653525219), positionOffset=(0.0, 0.0), resetController=True, rotationOffset=0.0, speed=0.0, type='Follower', velocity=(0.0, 0.0), webotsName='FOLLOWER', webotsObject=None, webotsType=None, width=1.0), object1=StructPoint(angularSpeed=0.0, color=[0.0, 0.0, 1.0], controller=None, elevation=None, heading=0.0, lastActions=None, length=1.0, position=(18.075757575757578, -38.37755102040816), positionOffset=(0.0, 0.0), resetController=True, rotationOffset=0.0, speed=0.0, type='ObstacleL', velocity=(0.0, 0.0), webotsName='OBSTACLE', webotsObject=None, webotsType=None, width=1.0), object2=StructPoint(angularSpeed=0.0, color=[1.0, 1.0, 1.0], controller=None, elevation=None, heading=0.0, lastActions=None, length=1.0, position=(52.47959183673469, -21.106060606060606), positionOffset=(0.0, 0.0), resetController=True, rotationOffset=0.0, speed=0.0, type='ObstacleS', velocity=(0.0, 0.0), webotsName='OBSTACLE', webotsObject=None, webotsType=None, width=1.0), object3=StructPoint(angularSpeed=0.0, color=[0.0, 0.5, 0.0], controller=None, elevation=None, heading=0.0, lastActions=None, length=1.0, position=(59.72727272727273, -36.47959183673469), positionOffset=(0.0, 0.0), resetController=True, rotationOffset=0.0, speed=0.0, type='ObstacleR', velocity=(0.0, 0.0), webotsName='OBSTACLE', webotsObject=None, webotsType=None, width=1.0), object4=StructPoint(angularSpeed=0.0, controller=None, elevation=None, heading=0.0, ind='S', lastActions=None, length=1.0, mode='falsify', position=(0, 0), positionOffset=(0.0, 0.0), resetController=True, rotationOffset=0.0, speed=0.0, type='Scenario', velocity=(0.0, 0.0), webotsName='SCENARIO', webotsObject=None, webotsType=None, width=1.0), object5=StructPoint(angularSpeed=0.0, controller=None, elevation=None, heading=-0.08509260531360656, lastActions=None, length=1.0, position=(-54.84281011868105, -105.03733465312321), positionOffset=(0.0, 0.0), resetController=True, rotationOffset=0.0, speed=0.0, type='Lead', velocity=(0.0, 0.0), webotsName='LEAD', webotsObject=None, webotsType=None, width=1.0)), params=StructPoint())
16,SpacePoint(objects=StructPoint(object0=StructPoint(angularSpeed=0.0, controller=None, elevation=None, heading=0.06521264680204626, lastActions=None, length=1.0, position=(-65.56718738450924, -105.71806530585557), positionOffset=(0.0, 0.0), resetController=True, rotationOffset=0.0, speed=0.0, type='Follower', velocity=(0.0, 0.0), webotsName='FOLLOWER', webotsObject=None, webotsType=None, width=1.0), object1=StructPoint(angularSpeed=0.0, color=[0.0, 1.0, 0.0], controller=None, elevation=None, heading=0.0, lastActions=None, length=1.0, position=(22.46969696969697, -52.96938775510204), positionOffset=(0.0, 0.0), resetController=True, rotationOffset=0.0, speed=0.0, type='ObstacleL', velocity=(0.0, 0.0), webotsName='OBSTACLE', webotsObject=None, webotsType=None, width=1.0), object2=StructPoint(angularSpeed=0.0, color=[0.5, 0.5, 0.5], controller=None, elevation=None, heading=0.0, lastActions=None, length=1.0, position=(36.295918367346935, -13.681818181818182), positionOffset=(0.0, 0.0), resetController=True, rotationOffset=0.0, speed=0.0, type='ObstacleS', velocity=(0.0, 0.0), webotsName='OBSTACLE', webotsObject=None, webotsType=None, width=1.0), object3=StructPoint(angularSpeed=0.0, color=[0.0, 0.0, 0.5], controller=None, elevation=None, heading=0.0, lastActions=None, length=1.0, position=(66.1919191919192, -35.86734693877551), positionOffset=(0.0, 0.0), resetController=True, rotationOffset=0.0, speed=0.0, type='ObstacleR', velocity=(0.0, 0.0), webotsName='OBSTACLE', webotsObject=None, webotsType=None, width=1.0), object4=StructPoint(angularSpeed=0.0, controller=None, elevation=None, heading=0.0, ind='R', lastActions=None, length=1.0, mode='falsify', position=(0, 0), positionOffset=(0.0, 0.0), resetController=True, rotationOffset=0.0, speed=0.0, type='Scenario', velocity=(0.0, 0.0), webotsName='SCENARIO', webotsObject=None, webotsType=None, width=1.0), object5=StructPoint(angularSpeed=0.0, controller=None, elevation=None, heading=-0.05575692762368678, lastActions=None, length=1.0, position=(-54.81261032572294, -104.65145336361039), positionOffset=(0.0, 0.0), resetController=True, rotationOffset=0.0, speed=0.0, type='Lead', velocity=(0.0, 0.0), webotsName='LEAD', webotsObject=None, webotsType=None, width=1.0)), params=StructPoint())
17,SpacePoint(objects=StructPoint(object0=StructPoint(angularSpeed=0.0, controller=None, elevation=None, heading=0.021288963081151527, lastActions=None, length=1.0, position=(-62.658797679510776, -105.43272929366523), positionOffset=(0.0, 0.0), resetController=True, rotationOffset=0.0, speed=0.0, type='Follower', velocity=(0.0, 0.0), webotsName='FOLLOWER', webotsObject=None, webotsType=None, width=1.0), object1=StructPoint(angularSpeed=0.0, color=[0.5, 0.0, 0.0], controller=None, elevation=None, heading=0.0, lastActions=None, length=1.0, position=(15.651515151515152, -53.45918367346939), positionOffset=(0.0, 0.0), resetController=True, rotationOffset=0.0, speed=0.0, type='ObstacleL', velocity=(0.0, 0.0), webotsName='OBSTACLE', webotsObject=None, webotsType=None, width=1.0), object2=StructPoint(angularSpeed=0.0, color=[0.0, 1.0, 0.0], controller=None, elevation=None, heading=0.0, lastActions=None, length=1.0, position=(53.33673469387755, -12.166666666666666), positionOffset=(0.0, 0.0), resetController=True, rotationOffset=0.0, speed=0.0, type='ObstacleS', velocity=(0.0, 0.0), webotsName='OBSTACLE', webotsObject=None, webotsType=None, width=1.0), object3=StructPoint(angularSpeed=0.0, color=[0.0, 1.0, 0.0], controller=None, elevation=None, heading=0.0, lastActions=None, length=1.0, position=(62.45454545454545, -53.39795918367347), positionOffset=(0.0, 0.0), resetController=True, rotationOffset=0.0, speed=0.0, type='ObstacleR', velocity=(0.0, 0.0), webotsName='OBSTACLE', webotsObject=None, webotsType=None, width=1.0), object4=StructPoint(angularSpeed=0.0, controller=None, elevation=None, heading=0.0, ind='S', lastActions=None, length=1.0, mode='falsify', position=(0, 0), positionOffset=(0.0, 0.0), resetController=True, rotationOffset=0.0, speed=0.0, type='Scenario', velocity=(0.0, 0.0), webotsName='SCENARIO', webotsObject=None, webotsType=None, width=1.0), object5=StructPoint(angularSpeed=0.0, controller=None, elevation=None, heading=0.0577142519332423, lastActions=None, length=1.0, position=(-53.162911295181104, -104.03125857243069), positionOffset=(0.0, 0.0), resetController=True, rotationOffset=0.0, speed=0.0, type='Lead', velocity=(0.0, 0.0), webotsName='LEAD', webotsObject=None, webotsType=None, width=1.0)), params=StructPoint())
18,SpacePoint(objects=StructPoint(object0=StructPoint(angularSpeed=0.0, controller=None, elevation=None, heading=0.07060873142322112, lastActions=None, length=1.0, position=(-63.09108775765566, -104.81579863406347), positionOffset=(0.0, 0.0), resetController=True, rotationOffset=0.0, speed=0.0, type='Follower', velocity=(0.0, 0.0), webotsName='FOLLOWER', webotsObject=None, webotsType=None, width=1.0), object1=StructPoint(angularSpeed=0.0, color=[0.5, 0.5, 0.5], controller=None, elevation=None, heading=0.0, lastActions=None, length=1.0, position=(20.196969696969695, -53.39795918367347), positionOffset=(0.0, 0.0), resetController=True, rotationOffset=0.0, speed=0.0, type='ObstacleL', velocity=(0.0, 0.0), webotsName='OBSTACLE', webotsObject=None, webotsType=None, width=1.0), object2=StructPoint(angularSpeed=0.0, color=[0.0, 0.5, 0.0], controller=None, elevation=None, heading=0.0, lastActions=None, length=1.0, position=(51.56122448979592, -13.075757575757576), positionOffset=(0.0, 0.0), resetController=True, rotationOffset=0.0, speed=0.0, type='ObstacleS', velocity=(0.0, 0.0), webotsName='OBSTACLE', webotsObject=None, webotsType=None, width=1.0), object3=StructPoint(angularSpeed=0.0, color=[0.0, 0.0, 0.5], controller=None, elevation=None, heading=0.0, lastActions=None, length=1.0, position=(59.323232323232325, -51.92857142857143), positionOffset=(0.0, 0.0), resetController=True, rotationOffset=0.0, speed=0.0, type='ObstacleR', velocity=(0.0, 0.0), webotsName='OBSTACLE', webotsObject=None, webotsType=None, width=1.0), object4=StructPoint(angularSpeed=0.0, controller=None, elevation=None, heading=0.0, ind='L', lastActions=None, length=1.0, mode='falsify', position=(0, 0), positionOffset=(0.0, 0.0), resetController=True, rotationOffset=0.0, speed=0.0, type='Scenario', velocity=(0.0, 0.0), webotsName='SCENARIO', webotsObject=None, webotsType=None, width=1.0), object5=StructPoint(angularSpeed=0.0, controller=None, elevation=None, heading=0.06750524694557236, lastActions=None, length=1.0, position=(-52.98021952321772, -104.63220673040021), positionOffset=(0.0, 0.0), resetController=True, rotationOffset=0.0, speed=0.0, type='Lead', velocity=(0.0, 0.0), webotsName='LEAD', webotsObject=None, webotsType=None, width=1.0)), params=StructPoint())
19,SpacePoint(objects=StructPoint(object0=StructPoint(angularSpeed=0.0, controller=None, elevation=None, heading=-0.04290043903766432, lastActions=None, length=1.0, position=(-63.06961972965817, -105.24637336613915), positionOffset=(0.0, 0.0), resetController=True, rotationOffset=0.0, speed=0.0, type='Follower', velocity=(0.0, 0.0), webotsName='FOLLOWER', webotsObject=None, webotsType=None, width=1.0), object1=StructPoint(angularSpeed=0.0, color=[0.5, 0.0, 0.0], controller=None, elevation=None, heading=0.0, lastActions=None, length=1.0, position=(19.28787878787879, -36.47959183673469), positionOffset=(0.0, 0.0), resetController=True, rotationOffset=0.0, speed=0.0, type='ObstacleL', velocity=(0.0, 0.0), webotsName='OBSTACLE', webotsObject=None, webotsType=None, width=1.0), object2=StructPoint(angularSpeed=0.0, color=[0.0, 0.0, 0.5], controller=None, elevation=None, heading=0.0, lastActions=None, length=1.0, position=(53.275510204081634, -12.166666666666666), positionOffset=(0.0, 0.0), resetController=True, rotationOffset=0.0, speed=0.0, type='ObstacleS', velocity=(0.0, 0.0), webotsName='OBSTACLE', webotsObject=None, webotsType=None, width=1.0), object3=StructPoint(angularSpeed=0.0, color=[0.5, 0.0, 0.0], controller=None, elevation=None, heading=0.0, lastActions=None, length=1.0, position=(58.515151515151516, -36.357142857142854), positionOffset=(0.0, 0.0), resetController=True, rotationOffset=0.0, speed=0.0, type='ObstacleR', velocity=(0.0, 0.0), webotsName='OBSTACLE', webotsObject=None, webotsType=None, width=1.0), object4=StructPoint(angularSpeed=0.0, controller=None, elevation=None, heading=0.0, ind='L', lastActions=None, length=1.0, mode='falsify', position=(0, 0), positionOffset=(0.0, 0.0), resetController=True, rotationOffset=0.0, speed=0.0, type='Scenario', velocity=(0.0, 0.0), webotsName='SCENARIO', webotsObject=None, webotsType=None, width=1.0), object5=StructPoint(angularSpeed=0.0, controller=None, elevation=None, heading=0.058594458924333244, lastActions=None, length=1.0, position=(-53.394392698013895, -105.7024840911305), positionOffset=(0.0, 0.0), resetController=True, rotationOffset=0.0, speed=0.0, type='Lead', velocity=(0.0, 0.0), webotsName='LEAD', webotsObject=None, webotsType=None, width=1.0)), params=StructPoint())
20,SpacePoint(objects=StructPoint(object0=StructPoint(angularSpeed=0.0, controller=None, elevation=None, heading=0.08322096595840275, lastActions=None, length=1.0, position=(-63.426014442734825, -105.18244419343814), positionOffset=(0.0, 0.0), resetController=True, rotationOffset=0.0, speed=0.0, type='Follower', velocity=(0.0, 0.0), webotsName='FOLLOWER', webotsObject=None, webotsType=None, width=1.0), object1=StructPoint(angularSpeed=0.0, color=[0.0, 0.0, 0.5], controller=None, elevation=None, heading=0.0, lastActions=None, length=1.0, position=(20.196969696969695, -35.86734693877551), positionOffset=(0.0, 0.0), resetController=True, rotationOffset=0.0, speed=0.0, type='ObstacleL', velocity=(0.0, 0.0), webotsName='OBSTACLE', webotsObject=None, webotsType=None, width=1.0), object2=StructPoint(angularSpeed=0.0, color=[0.0, 0.0, 0.0], controller=None, elevation=None, heading=0.0, lastActions=None, length=1.0, position=(51.86734693877551, -11.257575757575758), positionOffset=(0.0, 0.0), resetController=True, rotationOffset=0.0, speed=0.0, type='ObstacleS', velocity=(0.0, 0.0), webotsName='OBSTACLE', webotsObject=None, webotsType=None, width=1.0), object3=StructPoint(angularSpeed=0.0, color=[0.5, 0.0, 0.0], controller=None, elevation=None, heading=0.0, lastActions=None, length=1.0, position=(64.07070707070707, -37.642857142857146), positionOffset=(0.0, 0.0), resetController=True, rotationOffset=0.0, speed=0.0, type='ObstacleR', velocity=(0.0, 0.0), webotsName='OBSTACLE', webotsObject=None, webotsType=None, width=1.0), object4=StructPoint(angularSpeed=0.0, controller=None, elevation=None, heading=0.0, ind='L', lastActions=None, length=1.0, mode='falsify', position=(0, 0), positionOffset=(0.0, 0.0), resetController=True, rotationOffset=0.0, speed=0.0, type='Scenario', velocity=(0.0, 0.0), webotsName='SCENARIO', webotsObject=None, webotsType=None, width=1.0), object5=StructPoint(angularSpeed=0.0, controller=None, elevation=None, heading=-0.046209559405399475, lastActions=None, length=1.0, position=(-53.535255522286775, -105.30194874188605), positionOffset=(0.0, 0.0), resetController=True, rotationOffset=0.0, speed=0.0, type='Lead', velocity=(0.0, 0.0), webotsName='LEAD', webotsObject=None, webotsType=None, width=1.0)), params=StructPoint())
21,SpacePoint(objects=StructPoint(object0=StructPoint(angularSpeed=0.0, controller=None, elevation=None, heading=0.05946535088030672, lastActions=None, length=1.0, position=(-65.02928456552198, -104.90727243994735), positionOffset=(0.0, 0.0), resetController=True, rotationOffset=0.0, speed=0.0, type='Follower', velocity=(0.0, 0.0), webotsName='FOLLOWER', webotsObject=None, webotsType=None, width=1.0), object1=StructPoint(angularSpeed=0.0, color=[0.0, 0.0, 0.5], controller=None, elevation=None, heading=0.0, lastActions=None, length=1.0, position=(25.196969696969695, -53.58163265306123), positionOffset=(0.0, 0.0), resetController=True, rotationOffset=0.0, speed=0.0, type='ObstacleL', velocity=(0.0, 0.0), webotsName='OBSTACLE', webotsObject=None, webotsType=None, width=1.0), object2=StructPoint(angularSpeed=0.0, color=[1.0, 1.0, 1.0], controller=None, elevation=None, heading=0.0, lastActions=None, length=1.0, position=(37.39795918367347, -18.075757575757574), positionOffset=(0.0, 0.0), resetController=True, rotationOffset=0.0, speed=0.0, type='ObstacleS', velocity=(0.0, 0.0), webotsName='OBSTACLE', webotsObject=None, webotsType=None, width=1.0), object3=StructPoint(angularSpeed=0.0, color=[0.0, 1.0, 0.0], controller=None, elevation=None, heading=0.0, lastActions=None, length=1.0, position=(65.68686868686869, -37.58163265306123), positionOffset=(0.0, 0.0), resetController=True, rotationOffset=0.0, speed=0.0, type='ObstacleR', velocity=(0.0, 0.0), webotsName='OBSTACLE', webotsObject=None, webotsType=None, width=1.0), object4=StructPoint(angularSpeed=0.0, controller=None, elevation=None, heading=0.0, ind='S', lastActions=None, length=1.0, mode='falsify', position=(0, 0), positionOffset=(0.0, 0.0), resetController=True, rotationOffset=0.0, speed=0.0, type='Scenario', velocity=(0.0, 0.0), webotsName='SCENARIO', webotsObject=None, webotsType=None, width=1.0), object5=StructPoint(angularSpeed=0.0, controller=None, elevation=None, heading=0.07020615968797816, lastActions=None, length=1.0, position=(-54.36060960432531, -105.89702108317839), positionOffset=(0.0, 0.0), resetController=True, rotationOffset=0.0, speed=0.0, type='Lead', velocity=(0.0, 0.0), webotsName='LEAD', webotsObject=None, webotsType=None, width=1.0)), params=StructPoint())
22,SpacePoint(objects=StructPoint(object0=StructPoint(angularSpeed=0.0, controller=None, elevation=None, heading=-0.05070135723071524, lastActions=None, length=1.0, position=(-64.23372746822714, -104.06107081068494), positionOffset=(0.0, 0.0), resetController=True, rotationOffset=0.0, speed=0.0, type='Follower', velocity=(0.0, 0.0), webotsName='FOLLOWER', webotsObject=None, webotsType=None, width=1.0), object1=StructPoint(angularSpeed=0.0, color=[0.0, 0.0, 0.5], controller=None, elevation=None, heading=0.0, lastActions=None, length=1.0, position=(25.045454545454547, -53.826530612244895), positionOffset=(0.0, 0.0), resetController=True, rotationOffset=0.0, speed=0.0, type='ObstacleL', velocity=(0.0, 0.0), webotsName='OBSTACLE', webotsObject=None, webotsType=None, width=1.0), object2=StructPoint(angularSpeed=0.0, color=[0.5, 0.5, 0.5], controller=None, elevation=None, heading=0.0, lastActions=None, length=1.0, position=(38.37755102040816, -22.318181818181817), positionOffset=(0.0, 0.0), resetController=True, rotationOffset=0.0, speed=0.0, type='ObstacleS', velocity=(0.0, 0.0), webotsName='OBSTACLE', webotsObject=None, webotsType=None, width=1.0), object3=StructPoint(angularSpeed=0.0, color=[1.0, 0.0, 0.0], controller=None, elevation=None, heading=0.0, lastActions=None, length=1.0, position=(64.67676767676768, -53.765306122448976), positionOffset=(0.0, 0.0), resetController=True, rotationOffset=0.0, speed=0.0, type='ObstacleR', velocity=(0.0, 0.0), webotsName='OBSTACLE', webotsObject=None, webotsType=None, width=1.0), object4=StructPoint(angularSpeed=0.0, controller=None, elevation=None, heading=0.0, ind='L', lastActions=None, length=1.0, mode='falsify', position=(0, 0), positionOffset=(0.0, 0.0), resetController=True, rotationOffset=0.0, speed=0.0, type='Scenario', velocity=(0.0, 0.0), webotsName='SCENARIO', webotsObject=None, webotsType=None, width=1.0), object5=StructPoint(angularSpeed=0.0, controller=None, elevation=None, heading=-0.017236152728458555, lastActions=None, length=1.0, position=(-52.58294426489728, -105.18034182329701), positionOffset=(0.0, 0.0), resetController=True, rotationOffset=0.0, speed=0.0, type='Lead', velocity=(0.0, 0.0), webotsName='LEAD', webotsObject=None, webotsType=None, width=1.0)), params=StructPoint())
23,SpacePoint(objects=StructPoint(object0=StructPoint(angularSpeed=0.0, controller=None, elevation=None, heading=-0.010883197393834127, lastActions=None, length=1.0, position=(-63.7691449508127, -104.84482118496543), positionOffset=(0.0, 0.0), resetController=True, rotationOffset=0.0, speed=0.0, type='Follower', velocity=(0.0, 0.0), webotsName='FOLLOWER', webotsObject=None, webotsType=None, width=1.0), object1=StructPoint(angularSpeed=0.0, color=[0.0, 1.0, 0.0], controller=None, elevation=None, heading=0.0, lastActions=None, length=1.0, position=(24.590909090909093, -52.54081632653061), positionOffset=(0.0, 0.0), resetController=True, rotationOffset=0.0, speed=0.0, type='ObstacleL', velocity=(0.0, 0.0), webotsName='OBSTACLE', webotsObject=None, webotsType=None, width=1.0), object2=StructPoint(angularSpeed=0.0, color=[0.5, 0.5, 0.5], controller=None, elevation=None, heading=0.0, lastActions=None, length=1.0, position=(35.744897959183675, -18.68181818181818), positionOffset=(0.0, 0.0), resetController=True, rotationOffset=0.0, speed=0.0, type='ObstacleS', velocity=(0.0, 0.0), webotsName='OBSTACLE', webotsObject=None, webotsType=None, width=1.0), object3=StructPoint(angularSpeed=0.0, color=[0.0, 1.0, 0.0], controller=None, elevation=None, heading=0.0, lastActions=None, length=1.0, position=(65.68686868686869, -38.01020408163265), positionOffset=(0.0, 0.0), resetController=True, rotationOffset=0.0, speed=0.0, type='ObstacleR', velocity=(0.0, 0.0), webotsName='OBSTACLE', webotsObject=None, webotsType=None, width=1.0), object4=StructPoint(angularSpeed=0.0, controller=None, elevation=None, heading=0.0, ind='R', lastActions=None, length=1.0, mode='falsify', position=(0, 0), positionOffset=(0.0, 0.0), resetController=True, rotationOffset=0.0, speed=0.0, type='Scenario', velocity=(0.0, 0.0), webotsName='SCENARIO', webotsObject=None, webotsType=None, width=1.0), object5=StructPoint(angularSpeed=0.0, controller=None, elevation=None, heading=-0.06643257875792422, lastActions=None, length=1.0, position=(-53.43253600547014, -104.50054991025428), positionOffset=(0.0, 0.0), resetController=True, rotationOffset=0.0, speed=0.0, type='Lead', velocity=(0.0, 0.0), webotsName='LEAD', webotsObject=None, webotsType=None, width=1.0)), params=StructPoint())
24,SpacePoint(objects=StructPoint(object0=StructPoint(angularSpeed=0.0, controller=None, elevation=None, heading=-0.05619840911461106, lastActions=None, length=1.0, position=(-66.3293494842506, -105.46792541071764), positionOffset=(0.0, 0.0), resetController=True, rotationOffset=0.0, speed=0.0, type='Follower', velocity=(0.0, 0.0), webotsName='FOLLOWER', webotsObject=None, webotsType=None, width=1.0), object1=StructPoint(angularSpeed=0.0, color=[0.0, 0.5, 0.0], controller=None, elevation=None, heading=0.0, lastActions=None, length=1.0, position=(23.984848484848484, -36.234693877551024), positionOffset=(0.0, 0.0), resetController=True, rotationOffset=0.0, speed=0.0, type='ObstacleL', velocity=(0.0, 0.0), webotsName='OBSTACLE', webotsObject=None, webotsType=None, width=1.0), object2=StructPoint(angularSpeed=0.0, color=[1.0, 0.0, 0.0], controller=None, elevation=None, heading=0.0, lastActions=None, length=1.0, position=(53.09183673469388, -15.045454545454545), positionOffset=(0.0, 0.0), resetController=True, rotationOffset=0.0, speed=0.0, type='ObstacleS', velocity=(0.0, 0.0), webotsName='OBSTACLE', webotsObject=None, webotsType=None, width=1.0), object3=StructPoint(angularSpeed=0.0, color=[0.0, 0.0, 0.0], controller=None, elevation=None, heading=0.0, lastActions=None, length=1.0, position=(66.4949494949495, -54.19387755102041), positionOffset=(0.0, 0.0), resetController=True, rotationOffset=0.0, speed=0.0, type='ObstacleR', velocity=(0.0, 0.0), webotsName='OBSTACLE', webotsObject=None, webotsType=None, width=1.0), object4=StructPoint(angularSpeed=0.0, controller=None, elevation=None, heading=0.0, ind='L', lastActions=None, length=1.0, mode='falsify', position=(0, 0), positionOffset=(0.0, 0.0), resetController=True, rotationOffset=0.0, speed=0.0, type='Scenario', velocity=(0.0, 0.0), webotsName='SCENARIO', webotsObject=None, webotsType=None, width=1.0), object5=StructPoint(angularSpeed=0.0, controller=None, elevation=None, heading=-0.023454698509400535, lastActions=None, length=1.0, position=(-54.80765971953959, -105.54094200474333), positionOffset=(0.0, 0.0), resetController=True, rotationOffset=0.0, speed=0.0, type='Lead', velocity=(0.0, 0.0), webotsName='LEAD', webotsObject=None, webotsType=None, width=1.0)), params=StructPoint())
25,SpacePoint(objects=StructPoint(object0=StructPoint(angularSpeed=0.0, controller=None, elevation=None, heading=0.0367589354161115, lastActions=None, length=1.0, position=(-65.03163886204555, -104.98030623902041), positionOffset=(0.0, 0.0), resetController=True, rotationOffset=0.0, speed=0.0, type='Follower', velocity=(0.0, 0.0), webotsName='FOLLOWER', webotsObject=None, webotsType=None, width=1.0), object1=StructPoint(angularSpeed=0.0, color=[0.0, 1.0, 0.0], controller=None, elevation=None, heading=0.0, lastActions=None, length=1.0, position=(11.863636363636363, -52.11224489795919), positionOffset=(0.0, 0.0), resetController=True, rotationOffset=0.0, speed=0.0, type='ObstacleL', velocity=(0.0, 0.0), webotsName='OBSTACLE', webotsObject=None, webotsType=None, width=1.0), object2=StructPoint(angularSpeed=0.0, color=[0.0, 1.0, 0.0], controller=None, elevation=None, heading=0.0, lastActions=None, length=1.0, position=(52.05102040816327, -18.53030303030303), positionOffset=(0.0, 0.0), resetController=True, rotationOffset=0.0, speed=0.0, type='ObstacleS', velocity=(0.0, 0.0), webotsName='OBSTACLE', webotsObject=None, webotsType=None, width=1.0), object3=StructPoint(angularSpeed=0.0, color=[0.0, 0.0, 1.0], controller=None, elevation=None, heading=0.0, lastActions=None, length=1.0, position=(64.07070707070707, -37.275510204081634), positionOffset=(0.0, 0.0), resetController=True, rotationOffset=0.0, speed=0.0, type='ObstacleR', velocity=(0.0, 0.0), webotsName='OBSTACLE', webotsObject=None, webotsType=None, width=1.0), object4=StructPoint(angularSpeed=0.0, controller=None, elevation=None, heading=0.0, ind='R', lastActions=None, length=1.0, mode='falsify', position=(0, 0), positionOffset=(0.0, 0.0), resetController=True, rotationOffset=0.0, speed=0.0, type='Scenario', velocity=(0.0, 0.0), webotsName='SCENARIO', webotsObject=None, webotsType=None, width=1.0), object5=StructPoint(angularSpeed=0.0, controller=None, elevation=None, heading=0.0073875193278701125, lastActions=None, length=1.0, position=(-53.546564719732984, -104.1698569354266), positionOffset=(0.0, 0.0), resetController=True, rotationOffset=0.0, speed=0.0, type='Lead', velocity=(0.0, 0.0), webotsName='LEAD', webotsObject=None, webotsType=None, width=1.0)), params=StructPoint())
26,SpacePoint(objects=StructPoint(object0=StructPoint(angularSpeed=0.0, controller=None, elevation=None, heading=0.05196730603448156, lastActions=None, length=1.0, position=(-63.03271260387131, -104.79954793267262), positionOffset=(0.0, 0.0), resetController=True, rotationOffset=0.0, speed=0.0, type='Follower', velocity=(0.0, 0.0), webotsName='FOLLOWER', webotsObject=None, webotsType=None, width=1.0), object1=StructPoint(angularSpeed=0.0, color=[0.5, 0.5, 0.5], controller=None, elevation=None, heading=0.0, lastActions=None, length=1.0, position=(24.439393939393938, -51.5), positionOffset=(0.0, 0.0), resetController=True, rotationOffset=0.0, speed=0.0, type='ObstacleL', velocity=(0.0, 0.0), webotsName='OBSTACLE', webotsObject=None, webotsType=None, width=1.0), object2=StructPoint(angularSpeed=0.0, color=[0.0, 1.0, 0.0], controller=None, elevation=None, heading=0.0, lastActions=None, length=1.0, position=(36.724489795918366, -13.53030303030303), positionOffset=(0.0, 0.0), resetController=True, rotationOffset=0.0, speed=0.0, type='ObstacleS', velocity=(0.0, 0.0), webotsName='OBSTACLE', webotsObject=None, webotsType=None, width=1.0), object3=StructPoint(angularSpeed=0.0, color=[0.0, 0.0, 0.0], controller=None, elevation=None, heading=0.0, lastActions=None, length=1.0, position=(62.05050505050505, -38.19387755102041), positionOffset=(0.0, 0.0), resetController=True, rotationOffset=0.0, speed=0.0, type='ObstacleR', velocity=(0.0, 0.0), webotsName='OBSTACLE', webotsObject=None, webotsType=None, width=1.0), object4=StructPoint(angularSpeed=0.0, controller=None, elevation=None, heading=0.0, ind='R', lastActions=None, length=1.0, mode='falsify', position=(0, 0), positionOffset=(0.0, 0.0), resetController=True, rotationOffset=0.0, speed=0.0, type='Scenario', velocity=(0.0, 0.0), webotsName='SCENARIO', webotsObject=None, webotsType=None, width=1.0), object5=StructPoint(angularSpeed=0.0, controller=None, elevation=None, heading=-0.034513109312368416, lastActions=None, length=1.0, position=(-54.3888142751987, -104.90100932619909), positionOffset=(0.0, 0.0), resetController=True, rotationOffset=0.0, speed=0.0, type='Lead', velocity=(0.0, 0.0), webotsName='LEAD', webotsObject=None, webotsType=None, width=1.0)), params=StructPoint())
